{
    "dataset": "covtype",
    "algorithm": "ftrow2_tokenfi_iter",
    "config": {
        "source": "output/covtype/ft_transformer/tuned_reproduced_ours",
        "seeds": [
            10,
            11,
            12,
            13,
            14
        ],
        "count": 5
    },
    "metrics": {
        "train": {
            "0": {
                "precision": 0.9824471844812691,
                "recall": 0.9802531050425107,
                "f1-score": 0.9813489183941634,
                "support": 25523
            },
            "1": {
                "precision": 0.9863765818139112,
                "recall": 0.9837769773639052,
                "f1-score": 0.9850750645085622,
                "support": 34149
            },
            "2": {
                "precision": 0.9904250350303596,
                "recall": 0.9849047840222944,
                "f1-score": 0.9876571960875641,
                "support": 4306
            },
            "3": {
                "precision": 0.9748603351955307,
                "recall": 0.9858757062146892,
                "f1-score": 0.9803370786516853,
                "support": 354
            },
            "4": {
                "precision": 0.9210307564422278,
                "recall": 0.9866429207479964,
                "f1-score": 0.9527085124677558,
                "support": 1123
            },
            "5": {
                "precision": 0.9659145463274124,
                "recall": 0.9862745098039216,
                "f1-score": 0.9759883579917537,
                "support": 2040
            },
            "6": {
                "precision": 0.9721459395841506,
                "recall": 0.9892215568862276,
                "f1-score": 0.9806094182825484,
                "support": 2505
            },
            "accuracy": 0.9828857142857143,
            "macro avg": {
                "precision": 0.970457196982123,
                "recall": 0.985278508583078,
                "f1-score": 0.977674935197719,
                "support": 70000
            },
            "weighted avg": {
                "precision": 0.9829807562004209,
                "recall": 0.9828857142857143,
                "f1-score": 0.9829074648125018,
                "support": 70000
            },
            "score": 0.9828857142857143
        },
        "val": {
            "0": {
                "precision": 0.9458778351134045,
                "recall": 0.9402361922939282,
                "f1-score": 0.9430485762144054,
                "support": 8383
            },
            "1": {
                "precision": 0.9542093541202673,
                "recall": 0.9522581792318634,
                "f1-score": 0.9532327682107418,
                "support": 11248
            },
            "2": {
                "precision": 0.9397834912043301,
                "recall": 0.9455411844792376,
                "f1-score": 0.9426535459789617,
                "support": 1469
            },
            "3": {
                "precision": 0.8431372549019608,
                "recall": 0.86,
                "f1-score": 0.8514851485148515,
                "support": 100
            },
            "4": {
                "precision": 0.804945054945055,
                "recall": 0.8542274052478134,
                "f1-score": 0.8288543140028288,
                "support": 343
            },
            "5": {
                "precision": 0.8705035971223022,
                "recall": 0.9002976190476191,
                "f1-score": 0.8851499634235553,
                "support": 672
            },
            "6": {
                "precision": 0.9290161892901619,
                "recall": 0.9503184713375796,
                "f1-score": 0.9395465994962218,
                "support": 785
            },
            "accuracy": 0.944,
            "macro avg": {
                "precision": 0.898210396671069,
                "recall": 0.9146970073768631,
                "f1-score": 0.906281559405938,
                "support": 23000
            },
            "weighted avg": {
                "precision": 0.9442368982902134,
                "recall": 0.944,
                "f1-score": 0.944091602211413,
                "support": 23000
            },
            "score": 0.944
        },
        "test": {
            "0": {
                "precision": 0.9411905904944791,
                "recall": 0.936134654410887,
                "f1-score": 0.938655814231851,
                "support": 8377
            },
            "1": {
                "precision": 0.9475366178428761,
                "recall": 0.9502359120448678,
                "f1-score": 0.9488843452751355,
                "support": 11233
            },
            "2": {
                "precision": 0.9305157593123209,
                "recall": 0.9298496778811739,
                "f1-score": 0.9301825993555317,
                "support": 1397
            },
            "3": {
                "precision": 0.849624060150376,
                "recall": 0.8625954198473282,
                "f1-score": 0.8560606060606061,
                "support": 131
            },
            "4": {
                "precision": 0.7735294117647059,
                "recall": 0.801829268292683,
                "f1-score": 0.787425149700599,
                "support": 328
            },
            "5": {
                "precision": 0.8688981868898187,
                "recall": 0.8762306610407876,
                "f1-score": 0.8725490196078431,
                "support": 711
            },
            "6": {
                "precision": 0.9571603427172583,
                "recall": 0.9501822600243013,
                "f1-score": 0.9536585365853658,
                "support": 823
            },
            "accuracy": 0.9389565217391305,
            "macro avg": {
                "precision": 0.8954935670245477,
                "recall": 0.9010082647917185,
                "f1-score": 0.8982022958309902,
                "support": 23000
            },
            "weighted avg": {
                "precision": 0.9390656909753947,
                "recall": 0.9389565217391305,
                "f1-score": 0.9390028441148764,
                "support": 23000
            },
            "score": 0.9389565217391305
        }
    }
}
