{
    "dataset": "covtype",
    "algorithm": "ftrow2_tokenfi_iter",
    "config": {
        "source": "output/covtype/ft_transformer/tuned_reproduced_ours",
        "seeds": [
            0,
            1,
            2,
            3,
            4,
            5,
            6,
            7,
            8,
            9,
            10,
            11,
            12,
            13,
            14
        ],
        "count": 15
    },
    "metrics": {
        "train": {
            "0": {
                "precision": 0.9864212550527844,
                "recall": 0.9847980253105042,
                "f1-score": 0.9856089718453453,
                "support": 25523
            },
            "1": {
                "precision": 0.9894400281599249,
                "recall": 0.987759524437026,
                "f1-score": 0.9885990621336459,
                "support": 34149
            },
            "2": {
                "precision": 0.9923058988109116,
                "recall": 0.988388295401765,
                "f1-score": 0.9903432228039557,
                "support": 4306
            },
            "3": {
                "precision": 0.9831460674157303,
                "recall": 0.9887005649717514,
                "f1-score": 0.9859154929577465,
                "support": 354
            },
            "4": {
                "precision": 0.945531914893617,
                "recall": 0.9893143365983972,
                "f1-score": 0.9669277632724107,
                "support": 1123
            },
            "5": {
                "precision": 0.9744331886155331,
                "recall": 0.9901960784313726,
                "f1-score": 0.9822513980063214,
                "support": 2040
            },
            "6": {
                "precision": 0.9783037475345168,
                "recall": 0.9900199600798403,
                "f1-score": 0.9841269841269841,
                "support": 2505
            },
            "accuracy": 0.9869,
            "macro avg": {
                "precision": 0.9785117286404311,
                "recall": 0.9884538264615222,
                "f1-score": 0.9833961278780584,
                "support": 70000
            },
            "weighted avg": {
                "precision": 0.9869435293609377,
                "recall": 0.9869,
                "f1-score": 0.9869098569776772,
                "support": 70000
            },
            "score": 0.9869
        },
        "val": {
            "0": {
                "precision": 0.9464414090582315,
                "recall": 0.9422641059286652,
                "f1-score": 0.9443481379640146,
                "support": 8383
            },
            "1": {
                "precision": 0.9546628663044446,
                "recall": 0.9528805120910384,
                "f1-score": 0.9537708565072304,
                "support": 11248
            },
            "2": {
                "precision": 0.9406207827260459,
                "recall": 0.9489448604492853,
                "f1-score": 0.9447644866147069,
                "support": 1469
            },
            "3": {
                "precision": 0.8514851485148515,
                "recall": 0.86,
                "f1-score": 0.8557213930348259,
                "support": 100
            },
            "4": {
                "precision": 0.8202247191011236,
                "recall": 0.8513119533527697,
                "f1-score": 0.8354792560801145,
                "support": 343
            },
            "5": {
                "precision": 0.8797101449275362,
                "recall": 0.9032738095238095,
                "f1-score": 0.8913362701908958,
                "support": 672
            },
            "6": {
                "precision": 0.931077694235589,
                "recall": 0.9464968152866242,
                "f1-score": 0.9387239418825016,
                "support": 785
            },
            "accuracy": 0.9451739130434783,
            "macro avg": {
                "precision": 0.9034603949811174,
                "recall": 0.9150245795188846,
                "f1-score": 0.9091634774677556,
                "support": 23000
            },
            "weighted avg": {
                "precision": 0.9453210862183269,
                "recall": 0.9451739130434783,
                "f1-score": 0.9452331242377249,
                "support": 23000
            },
            "score": 0.9451739130434783
        },
        "test": {
            "0": {
                "precision": 0.9407611297271422,
                "recall": 0.9384027694878835,
                "f1-score": 0.9395804697304727,
                "support": 8377
            },
            "1": {
                "precision": 0.9485150275653565,
                "recall": 0.9496127481527642,
                "f1-score": 0.9490635704435251,
                "support": 11233
            },
            "2": {
                "precision": 0.9293865905848787,
                "recall": 0.9327129563350036,
                "f1-score": 0.9310468024294389,
                "support": 1397
            },
            "3": {
                "precision": 0.8560606060606061,
                "recall": 0.8625954198473282,
                "f1-score": 0.8593155893536122,
                "support": 131
            },
            "4": {
                "precision": 0.772189349112426,
                "recall": 0.7957317073170732,
                "f1-score": 0.7837837837837838,
                "support": 328
            },
            "5": {
                "precision": 0.8735955056179775,
                "recall": 0.8748241912798875,
                "f1-score": 0.8742094167252284,
                "support": 711
            },
            "6": {
                "precision": 0.9606879606879607,
                "recall": 0.9501822600243013,
                "f1-score": 0.9554062309102016,
                "support": 823
            },
            "accuracy": 0.9395217391304348,
            "macro avg": {
                "precision": 0.8973137384794782,
                "recall": 0.9005802932063203,
                "f1-score": 0.898915123339466,
                "support": 23000
            },
            "weighted avg": {
                "precision": 0.9396075216285384,
                "recall": 0.9395217391304348,
                "f1-score": 0.9395601178841455,
                "support": 23000
            },
            "score": 0.9395217391304348
        }
    }
}
