{
    "dataset": "adult",
    "algorithm": "ftrow2_tokenfi_iter_cat",
    "config": {
        "source": "output/adult/ft_transformer/tuned_reproduced_ours",
        "seeds": [
            0,
            1,
            2,
            3,
            4,
            5,
            6,
            7,
            8,
            9,
            10,
            11,
            12,
            13,
            14
        ],
        "count": 15
    },
    "metrics": {
        "train": {
            "0": {
                "precision": 0.9001609520557967,
                "recall": 0.9348123385503723,
                "f1-score": 0.9171594692640261,
                "support": 19743
            },
            "1": {
                "precision": 0.7658722939785337,
                "recall": 0.6728464120185392,
                "f1-score": 0.7163518802109919,
                "support": 6257
            },
            "accuracy": 0.8717692307692307,
            "macro avg": {
                "precision": 0.8330166230171652,
                "recall": 0.8038293752844557,
                "f1-score": 0.8167556747375091,
                "support": 26000
            },
            "weighted avg": {
                "precision": 0.8678438699946646,
                "recall": 0.8717692307692307,
                "f1-score": 0.8688343506215326,
                "support": 26000
            },
            "roc_auc": 0.9312874691018196,
            "score": 0.8717692307692307
        },
        "val": {
            "0": {
                "precision": 0.8909620991253644,
                "recall": 0.9300060864272672,
                "f1-score": 0.9100655151876117,
                "support": 4929
            },
            "1": {
                "precision": 0.7453874538745388,
                "recall": 0.6429026098026734,
                "f1-score": 0.6903622693096377,
                "support": 1571
            },
            "accuracy": 0.8606153846153846,
            "macro avg": {
                "precision": 0.8181747764999516,
                "recall": 0.7864543481149704,
                "f1-score": 0.8002138922486247,
                "support": 6500
            },
            "weighted avg": {
                "precision": 0.8557778271732034,
                "recall": 0.8606153846153846,
                "f1-score": 0.8569649306838737,
                "support": 6500
            },
            "roc_auc": 0.9126086933500908,
            "score": 0.8606153846153846
        },
        "test": {
            "0": {
                "precision": 0.8916732128829536,
                "recall": 0.9285071574642126,
                "f1-score": 0.9097174914846723,
                "support": 12225
            },
            "1": {
                "precision": 0.7327217125382263,
                "recall": 0.6347019867549669,
                "f1-score": 0.6801987224982257,
                "support": 3775
            },
            "accuracy": 0.8591875,
            "macro avg": {
                "precision": 0.8121974627105899,
                "recall": 0.7816045721095898,
                "f1-score": 0.794958106991449,
                "support": 16000
            },
            "weighted avg": {
                "precision": 0.8541705932703695,
                "recall": 0.8591875,
                "f1-score": 0.8555654069269325,
                "support": 16000
            },
            "roc_auc": 0.9144531859857258,
            "score": 0.8591875
        }
    }
}
