{
    "dataset": "jannis",
    "algorithm": "ftrow2_tokenfi_iter_500f2",
    "config": {
        "source": "output/jannis/ft_transformer/tuned_reproduced_ours_f",
        "seeds": [
            0,
            1,
            2,
            3,
            4
        ],
        "count": 5
    },
    "metrics": {
        "train": {
            "0": {
                "precision": 0.8052256532066508,
                "recall": 0.3070652173913043,
                "f1-score": 0.44459016393442613,
                "support": 1104
            },
            "1": {
                "precision": 0.727662299280859,
                "recall": 0.7833395195927674,
                "f1-score": 0.7544751155486324,
                "support": 18859
            },
            "2": {
                "precision": 0.803988603988604,
                "recall": 0.7282204789430223,
                "f1-score": 0.7642311650327682,
                "support": 9688
            },
            "3": {
                "precision": 0.8606383813034272,
                "recall": 0.8658329717148605,
                "f1-score": 0.8632278617922953,
                "support": 25349
            },
            "accuracy": 0.8020909090909091,
            "macro avg": {
                "precision": 0.7993787344448853,
                "recall": 0.6711145469104887,
                "f1-score": 0.7066310765770305,
                "support": 55000
            },
            "weighted avg": {
                "precision": 0.8039512062978187,
                "recall": 0.8020909090909091,
                "f1-score": 0.800096515282284,
                "support": 55000
            },
            "score": 0.8020909090909091
        },
        "val": {
            "0": {
                "precision": 0.5507246376811594,
                "recall": 0.1450381679389313,
                "f1-score": 0.229607250755287,
                "support": 262
            },
            "1": {
                "precision": 0.6558293642576103,
                "recall": 0.7039342076016892,
                "f1-score": 0.6790308747855918,
                "support": 4499
            },
            "2": {
                "precision": 0.7454545454545455,
                "recall": 0.6633143856580673,
                "f1-score": 0.7019898195279963,
                "support": 2287
            },
            "3": {
                "precision": 0.8183616284819515,
                "recall": 0.8341733870967742,
                "f1-score": 0.8261918628837674,
                "support": 5952
            },
            "accuracy": 0.7451538461538462,
            "macro avg": {
                "precision": 0.6925925439688168,
                "recall": 0.5866150370738655,
                "f1-score": 0.6092049519881606,
                "support": 13000
            },
            "weighted avg": {
                "precision": 0.7438930094651212,
                "recall": 0.7451538461538462,
                "f1-score": 0.7413893608079212,
                "support": 13000
            },
            "score": 0.7451538461538462
        },
        "test": {
            "0": {
                "precision": 0.4342105263157895,
                "recall": 0.10784313725490197,
                "f1-score": 0.1727748691099477,
                "support": 306
            },
            "1": {
                "precision": 0.6499287749287749,
                "recall": 0.7069533217121828,
                "f1-score": 0.6772427869004546,
                "support": 5163
            },
            "2": {
                "precision": 0.7309304274937133,
                "recall": 0.6571213262999246,
                "f1-score": 0.692063492063492,
                "support": 2654
            },
            "3": {
                "precision": 0.8182606183184051,
                "recall": 0.8236149483786535,
                "f1-score": 0.8209290528299152,
                "support": 6877
            },
            "accuracy": 0.7394,
            "macro avg": {
                "precision": 0.6583325867641707,
                "recall": 0.5738831834114158,
                "f1-score": 0.5907525502259524,
                "support": 15000
            },
            "weighted avg": {
                "precision": 0.7370345541835923,
                "recall": 0.7394,
                "f1-score": 0.735449281530835,
                "support": 15000
            },
            "score": 0.7394
        }
    }
}
