{
    "dataset": "jannis",
    "algorithm": "ftrow2_tokenfi_iter_500f2",
    "config": {
        "source": "output/jannis/ft_transformer/tuned_reproduced_ours_f",
        "seeds": [
            10,
            11,
            12,
            13,
            14
        ],
        "count": 5
    },
    "metrics": {
        "train": {
            "0": {
                "precision": 0.7750511247443763,
                "recall": 0.3432971014492754,
                "f1-score": 0.4758317639673572,
                "support": 1104
            },
            "1": {
                "precision": 0.7324891175306688,
                "recall": 0.7851953974229811,
                "f1-score": 0.7579270633397314,
                "support": 18859
            },
            "2": {
                "precision": 0.8029286832103734,
                "recall": 0.7414327002477291,
                "f1-score": 0.7709563164108618,
                "support": 9688
            },
            "3": {
                "precision": 0.8640577537575447,
                "recall": 0.8640577537575447,
                "f1-score": 0.8640577537575447,
                "support": 25349
            },
            "accuracy": 0.8049636363636363,
            "macro avg": {
                "precision": 0.7936316698107407,
                "recall": 0.6834957382193826,
                "f1-score": 0.7171932243688738,
                "support": 55000
            },
            "weighted avg": {
                "precision": 0.8063898507667413,
                "recall": 0.8049636363636363,
                "f1-score": 0.8034743554242252,
                "support": 55000
            },
            "score": 0.8049636363636363
        },
        "val": {
            "0": {
                "precision": 0.4642857142857143,
                "recall": 0.14885496183206107,
                "f1-score": 0.2254335260115607,
                "support": 262
            },
            "1": {
                "precision": 0.6576858813700919,
                "recall": 0.6999333185152256,
                "f1-score": 0.6781522558414989,
                "support": 4499
            },
            "2": {
                "precision": 0.7403525488327776,
                "recall": 0.6794927853082641,
                "f1-score": 0.7086183310533517,
                "support": 2287
            },
            "3": {
                "precision": 0.8178802454801791,
                "recall": 0.8284610215053764,
                "f1-score": 0.8231366330022536,
                "support": 5952
            },
            "accuracy": 0.7440769230769231,
            "macro avg": {
                "precision": 0.6700510974921907,
                "recall": 0.5891855217902318,
                "f1-score": 0.6088351864771662,
                "support": 13000
            },
            "weighted avg": {
                "precision": 0.7416754721311914,
                "recall": 0.7440769230769231,
                "f1-score": 0.7407684573534122,
                "support": 13000
            },
            "score": 0.7440769230769231
        },
        "test": {
            "0": {
                "precision": 0.3904761904761905,
                "recall": 0.13398692810457516,
                "f1-score": 0.1995133819951338,
                "support": 306
            },
            "1": {
                "precision": 0.6488426341288355,
                "recall": 0.7003680030989735,
                "f1-score": 0.6736214605067065,
                "support": 5163
            },
            "2": {
                "precision": 0.72959604286892,
                "recall": 0.6669178598342125,
                "f1-score": 0.6968503937007874,
                "support": 2654
            },
            "3": {
                "precision": 0.8190255220417634,
                "recall": 0.8212883524792788,
                "f1-score": 0.8201553764611922,
                "support": 6877
            },
            "accuracy": 0.7383333333333333,
            "macro avg": {
                "precision": 0.6469850973789274,
                "recall": 0.58064028587926,
                "f1-score": 0.597535153165955,
                "support": 15000
            },
            "weighted avg": {
                "precision": 0.7358831098098807,
                "recall": 0.7383333333333333,
                "f1-score": 0.735240544286143,
                "support": 15000
            },
            "score": 0.7383333333333333
        }
    }
}
