{
    "dataset": "covtype",
    "algorithm": "ftrow2_tokenfi_iter",
    "config": {
        "source": "output/covtype/ft_transformer/tuned_reproduced_ours",
        "seeds": [
            0,
            1,
            2,
            3,
            4
        ],
        "count": 5
    },
    "metrics": {
        "train": {
            "0": {
                "precision": 0.9859618853423261,
                "recall": 0.9851506484347451,
                "f1-score": 0.9855560999510043,
                "support": 25523
            },
            "1": {
                "precision": 0.9894946886554375,
                "recall": 0.987437406659053,
                "f1-score": 0.9884649772084365,
                "support": 34149
            },
            "2": {
                "precision": 0.9925425308785831,
                "recall": 0.9890849976776591,
                "f1-score": 0.9908107479353263,
                "support": 4306
            },
            "3": {
                "precision": 0.9858356940509915,
                "recall": 0.9830508474576272,
                "f1-score": 0.9844413012729843,
                "support": 354
            },
            "4": {
                "precision": 0.9444918872758327,
                "recall": 0.9848619768477292,
                "f1-score": 0.9642545771578029,
                "support": 1123
            },
            "5": {
                "precision": 0.9739382239382239,
                "recall": 0.9892156862745098,
                "f1-score": 0.9815175097276265,
                "support": 2040
            },
            "6": {
                "precision": 0.9798657718120806,
                "recall": 0.9908183632734531,
                "f1-score": 0.9853116315998411,
                "support": 2505
            },
            "accuracy": 0.9868142857142858,
            "macro avg": {
                "precision": 0.9788758117076393,
                "recall": 0.9870885609463966,
                "f1-score": 0.9829081206932889,
                "support": 70000
            },
            "weighted avg": {
                "precision": 0.9868556488682566,
                "recall": 0.9868142857142858,
                "f1-score": 0.9868245913450101,
                "support": 70000
            },
            "score": 0.9868142857142858
        },
        "val": {
            "0": {
                "precision": 0.9441060551773558,
                "recall": 0.94297984015269,
                "f1-score": 0.9435426116018143,
                "support": 8383
            },
            "1": {
                "precision": 0.9545819577050058,
                "recall": 0.9511024182076814,
                "f1-score": 0.9528390113560454,
                "support": 11248
            },
            "2": {
                "precision": 0.9392712550607287,
                "recall": 0.9475833900612661,
                "f1-score": 0.9434090138935953,
                "support": 1469
            },
            "3": {
                "precision": 0.8484848484848485,
                "recall": 0.84,
                "f1-score": 0.8442211055276383,
                "support": 100
            },
            "4": {
                "precision": 0.8169014084507042,
                "recall": 0.8454810495626822,
                "f1-score": 0.830945558739255,
                "support": 343
            },
            "5": {
                "precision": 0.8724637681159421,
                "recall": 0.8958333333333334,
                "f1-score": 0.8839941262848752,
                "support": 672
            },
            "6": {
                "precision": 0.9345088161209067,
                "recall": 0.9452229299363057,
                "f1-score": 0.9398353388220393,
                "support": 785
            },
            "accuracy": 0.9440434782608695,
            "macro avg": {
                "precision": 0.9014740155879275,
                "recall": 0.9097432801791369,
                "f1-score": 0.9055409666036089,
                "support": 23000
            },
            "weighted avg": {
                "precision": 0.9441869189251214,
                "recall": 0.9440434782608695,
                "f1-score": 0.9441030428365028,
                "support": 23000
            },
            "score": 0.9440434782608695
        },
        "test": {
            "0": {
                "precision": 0.9386927480916031,
                "recall": 0.9394771397875135,
                "f1-score": 0.9390847801443827,
                "support": 8377
            },
            "1": {
                "precision": 0.9494472182596291,
                "recall": 0.9480103267159263,
                "f1-score": 0.9487282284288832,
                "support": 11233
            },
            "2": {
                "precision": 0.9310099573257468,
                "recall": 0.937007874015748,
                "f1-score": 0.9339992864787727,
                "support": 1397
            },
            "3": {
                "precision": 0.8769230769230769,
                "recall": 0.8702290076335878,
                "f1-score": 0.8735632183908046,
                "support": 131
            },
            "4": {
                "precision": 0.7719298245614035,
                "recall": 0.8048780487804879,
                "f1-score": 0.7880597014925373,
                "support": 328
            },
            "5": {
                "precision": 0.8797736916548797,
                "recall": 0.8748241912798875,
                "f1-score": 0.8772919605077575,
                "support": 711
            },
            "6": {
                "precision": 0.9607361963190184,
                "recall": 0.951397326852977,
                "f1-score": 0.9560439560439561,
                "support": 823
            },
            "accuracy": 0.9396086956521739,
            "macro avg": {
                "precision": 0.9012161018764796,
                "recall": 0.9036891307237325,
                "f1-score": 0.9023958759267278,
                "support": 23000
            },
            "weighted avg": {
                "precision": 0.939715893640351,
                "recall": 0.9396086956521739,
                "f1-score": 0.9396553704289531,
                "support": 23000
            },
            "score": 0.9396086956521739
        }
    }
}
