{
    "dataset": "jannis",
    "algorithm": "ftrow2_tokenfi_iter_500f2",
    "config": {
        "source": "output/jannis/ft_transformer/tuned_reproduced_ours_f",
        "seeds": [
            0,
            1,
            2,
            3,
            4,
            5,
            6,
            7,
            8,
            9,
            10,
            11,
            12,
            13,
            14
        ],
        "count": 15
    },
    "metrics": {
        "train": {
            "0": {
                "precision": 0.8004484304932735,
                "recall": 0.3233695652173913,
                "f1-score": 0.4606451612903225,
                "support": 1104
            },
            "1": {
                "precision": 0.7275267130673463,
                "recall": 0.7870512752531947,
                "f1-score": 0.7561193041440615,
                "support": 18859
            },
            "2": {
                "precision": 0.8028884125014104,
                "recall": 0.7345169281585466,
                "f1-score": 0.767182362136812,
                "support": 9688
            },
            "3": {
                "precision": 0.8640120210368144,
                "recall": 0.8619669414967059,
                "f1-score": 0.8629882696788972,
                "support": 25349
            },
            "accuracy": 0.8030181818181819,
            "macro avg": {
                "precision": 0.7987188942747111,
                "recall": 0.6767261775314597,
                "f1-score": 0.7117337743125233,
                "support": 55000
            },
            "weighted avg": {
                "precision": 0.8051699092832277,
                "recall": 0.8030181818181819,
                "f1-score": 0.8013919743161667,
                "support": 55000
            },
            "score": 0.8030181818181819
        },
        "val": {
            "0": {
                "precision": 0.5138888888888888,
                "recall": 0.14122137404580154,
                "f1-score": 0.22155688622754494,
                "support": 262
            },
            "1": {
                "precision": 0.6554846676270838,
                "recall": 0.7079350966881529,
                "f1-score": 0.6807010044881385,
                "support": 4499
            },
            "2": {
                "precision": 0.7427606177606177,
                "recall": 0.6729339746392654,
                "f1-score": 0.7061252580867171,
                "support": 2287
            },
            "3": {
                "precision": 0.8222444555611139,
                "recall": 0.8284610215053764,
                "f1-score": 0.8253410327224036,
                "support": 5952
            },
            "accuracy": 0.7455384615384615,
            "macro avg": {
                "precision": 0.683594657459426,
                "recall": 0.5876378667196491,
                "f1-score": 0.608431045381201,
                "support": 13000
            },
            "weighted avg": {
                "precision": 0.7443351492970325,
                "recall": 0.7455384615384615,
                "f1-score": 0.742143078107063,
                "support": 13000
            },
            "score": 0.7455384615384615
        },
        "test": {
            "0": {
                "precision": 0.43820224719101125,
                "recall": 0.12745098039215685,
                "f1-score": 0.19746835443037977,
                "support": 306
            },
            "1": {
                "precision": 0.6491971060525852,
                "recall": 0.7125702111175674,
                "f1-score": 0.6794090489381348,
                "support": 5163
            },
            "2": {
                "precision": 0.7334443981674302,
                "recall": 0.6635267520723437,
                "f1-score": 0.6967359050445104,
                "support": 2654
            },
            "3": {
                "precision": 0.8224462954844366,
                "recall": 0.8183801076050603,
                "f1-score": 0.820408163265306,
                "support": 6877
            },
            "accuracy": 0.7404666666666667,
            "macro avg": {
                "precision": 0.6608225117238659,
                "recall": 0.580482012796782,
                "f1-score": 0.5985053679195828,
                "support": 15000
            },
            "weighted avg": {
                "precision": 0.7392279435315184,
                "recall": 0.7404666666666667,
                "f1-score": 0.7372865511257951,
                "support": 15000
            },
            "score": 0.7404666666666667
        }
    }
}
