{
    "dataset": "covtype",
    "algorithm": "ftrow2_tokenfi_iter",
    "config": {
        "source": "output/covtype/ft_transformer/tuned_reproduced_ours",
        "seeds": [
            5,
            6,
            7,
            8,
            9
        ],
        "count": 5
    },
    "metrics": {
        "train": {
            "0": {
                "precision": 0.9875912982015236,
                "recall": 0.9853857305175724,
                "f1-score": 0.9864872815705348,
                "support": 25523
            },
            "1": {
                "precision": 0.9897124769190188,
                "recall": 0.9888430115083897,
                "f1-score": 0.9892775531727898,
                "support": 34149
            },
            "2": {
                "precision": 0.9925407925407925,
                "recall": 0.9888527635856944,
                "f1-score": 0.9906933457422057,
                "support": 4306
            },
            "3": {
                "precision": 0.9831932773109243,
                "recall": 0.9915254237288136,
                "f1-score": 0.9873417721518987,
                "support": 354
            },
            "4": {
                "precision": 0.9554030874785592,
                "recall": 0.9919857524487978,
                "f1-score": 0.9733508082131935,
                "support": 1123
            },
            "5": {
                "precision": 0.975374215354901,
                "recall": 0.9901960784313726,
                "f1-score": 0.9827292629530529,
                "support": 2040
            },
            "6": {
                "precision": 0.9810351639668116,
                "recall": 0.9912175648702595,
                "f1-score": 0.9861000794281175,
                "support": 2505
            },
            "accuracy": 0.9877714285714285,
            "macro avg": {
                "precision": 0.9806929016817902,
                "recall": 0.9897151892987,
                "f1-score": 0.9851400147473991,
                "support": 70000
            },
            "weighted avg": {
                "precision": 0.9878012757636151,
                "recall": 0.9877714285714285,
                "f1-score": 0.9877774276849306,
                "support": 70000
            },
            "score": 0.9877714285714285
        },
        "val": {
            "0": {
                "precision": 0.9463771593090211,
                "recall": 0.9410712155552905,
                "f1-score": 0.9437167294694659,
                "support": 8383
            },
            "1": {
                "precision": 0.9536559331079879,
                "recall": 0.953147226173542,
                "f1-score": 0.9534015117830147,
                "support": 11248
            },
            "2": {
                "precision": 0.9401881720430108,
                "recall": 0.9523485364193329,
                "f1-score": 0.9462292864389584,
                "support": 1469
            },
            "3": {
                "precision": 0.8529411764705882,
                "recall": 0.87,
                "f1-score": 0.8613861386138614,
                "support": 100
            },
            "4": {
                "precision": 0.819718309859155,
                "recall": 0.8483965014577259,
                "f1-score": 0.833810888252149,
                "support": 343
            },
            "5": {
                "precision": 0.8832116788321168,
                "recall": 0.9002976190476191,
                "f1-score": 0.8916728076639646,
                "support": 672
            },
            "6": {
                "precision": 0.9305555555555556,
                "recall": 0.9388535031847134,
                "f1-score": 0.9346861128725428,
                "support": 785
            },
            "accuracy": 0.9447391304347826,
            "macro avg": {
                "precision": 0.9038068550253479,
                "recall": 0.9148735145483177,
                "f1-score": 0.9092719250134225,
                "support": 23000
            },
            "weighted avg": {
                "precision": 0.9448608671318434,
                "recall": 0.9447391304347826,
                "f1-score": 0.9447876888410311,
                "support": 23000
            },
            "score": 0.9447391304347826
        },
        "test": {
            "0": {
                "precision": 0.9404362416107382,
                "recall": 0.9367315267995703,
                "f1-score": 0.9385802284552359,
                "support": 8377
            },
            "1": {
                "precision": 0.9471909115114937,
                "recall": 0.9500578652185525,
                "f1-score": 0.9486222222222221,
                "support": 11233
            },
            "2": {
                "precision": 0.931605471562275,
                "recall": 0.9262705798138869,
                "f1-score": 0.9289303661162958,
                "support": 1397
            },
            "3": {
                "precision": 0.8549618320610687,
                "recall": 0.8549618320610687,
                "f1-score": 0.8549618320610687,
                "support": 131
            },
            "4": {
                "precision": 0.7824773413897281,
                "recall": 0.7896341463414634,
                "f1-score": 0.7860394537177542,
                "support": 328
            },
            "5": {
                "precision": 0.8644536652835408,
                "recall": 0.8790436005625879,
                "f1-score": 0.8716875871687587,
                "support": 711
            },
            "6": {
                "precision": 0.9558282208588957,
                "recall": 0.9465370595382746,
                "f1-score": 0.9511599511599511,
                "support": 823
            },
            "accuracy": 0.9386086956521739,
            "macro avg": {
                "precision": 0.8967076691825344,
                "recall": 0.897605230047915,
                "f1-score": 0.8971402344144696,
                "support": 23000
            },
            "weighted avg": {
                "precision": 0.9386612390658072,
                "recall": 0.9386086956521739,
                "f1-score": 0.9386291814155325,
                "support": 23000
            },
            "score": 0.9386086956521739
        }
    }
}
