{
    "dataset": "year",
    "algorithm": "ftrow2_tokenfi_iter_1000",
    "config": {
        "source": "output/year/ft_transformer/tuned_reproduced_ours",
        "seeds": [
            10,
            11,
            12,
            13,
            14
        ],
        "count": 5
    },
    "metrics": {
        "train": {
            "rmse": 8.536805141347745,
            "score": -8.536805141347745
        },
        "val": {
            "rmse": 8.702413463844886,
            "score": -8.702413463844886
        },
        "test": {
            "rmse": 8.987449613791593,
            "score": -8.987449613791593
        }
    }
}
