{
    "dataset": "year",
    "algorithm": "ftrow2_tokenfi_iter_1000",
    "config": {
        "source": "output/year/ft_transformer/tuned_reproduced_ours",
        "seeds": [
            0,
            1,
            2,
            3,
            4,
            5,
            6,
            7,
            8,
            9,
            10,
            11,
            12,
            13,
            14
        ],
        "count": 15
    },
    "metrics": {
        "train": {
            "rmse": 8.604696206199657,
            "score": -8.604696206199657
        },
        "val": {
            "rmse": 8.717978149865287,
            "score": -8.717978149865287
        },
        "test": {
            "rmse": 8.988773772258769,
            "score": -8.988773772258769
        }
    }
}
