{
    "dataset": "microsoft",
    "algorithm": "ftrow2_tokenfi_iter_1000",
    "config": {
        "source": "output/microsoft/ft_transformer/tuned_reproduced_ours",
        "seeds": [
            10,
            11,
            12,
            13,
            14
        ],
        "count": 5
    },
    "metrics": {
        "train": {
            "rmse": 0.716252435976184,
            "score": -0.716252435976184
        },
        "val": {
            "rmse": 0.7200191981184698,
            "score": -0.7200191981184698
        },
        "test": {
            "rmse": 0.7405423409470937,
            "score": -0.7405423409470937
        }
    }
}
