{
    "dataset": "higgs_small",
    "algorithm": "ftrow2_tokenfi_iter",
    "config": {
        "source": "output/higgs_small/ft_transformer/tuned_reproduced_ours",
        "seeds": [
            10,
            11,
            12,
            13,
            14
        ],
        "count": 5
    },
    "metrics": {
        "train": {
            "0": {
                "precision": 0.7583592210308314,
                "recall": 0.7525274288176605,
                "f1-score": 0.7554320700096496,
                "support": 30169
            },
            "1": {
                "precision": 0.7808178962510642,
                "recall": 0.7861724453903225,
                "f1-score": 0.7834860223289245,
                "support": 33831
            },
            "accuracy": 0.7703125,
            "macro avg": {
                "precision": 0.7695885586409479,
                "recall": 0.7693499371039916,
                "f1-score": 0.7694590461692871,
                "support": 64000
            },
            "weighted avg": {
                "precision": 0.7702310873023266,
                "recall": 0.7703125,
                "f1-score": 0.7702616522114213,
                "support": 64000
            },
            "roc_auc": 0.8557880171195922,
            "score": 0.7703125
        },
        "val": {
            "0": {
                "precision": 0.7277411966790724,
                "recall": 0.7168640721940215,
                "f1-score": 0.722261684898423,
                "support": 7092
            },
            "1": {
                "precision": 0.7494384826553532,
                "recall": 0.7594840667678301,
                "f1-score": 0.7544278356990329,
                "support": 7908
            },
            "accuracy": 0.7393333333333333,
            "macro avg": {
                "precision": 0.7385898396672128,
                "recall": 0.7381740694809258,
                "f1-score": 0.738344760298728,
                "support": 15000
            },
            "weighted avg": {
                "precision": 0.7391800058457677,
                "recall": 0.7393333333333333,
                "f1-score": 0.7392196796005046,
                "support": 15000
            },
            "roc_auc": 0.8212923753594995,
            "score": 0.7393333333333333
        },
        "test": {
            "0": {
                "precision": 0.7175141242937854,
                "recall": 0.7098144422088084,
                "f1-score": 0.7136435153967182,
                "support": 8946
            },
            "1": {
                "precision": 0.7442364532019704,
                "recall": 0.7513427491545653,
                "f1-score": 0.7477727182736092,
                "support": 10054
            },
            "accuracy": 0.7317894736842105,
            "macro avg": {
                "precision": 0.7308752887478779,
                "recall": 0.7305785956816868,
                "f1-score": 0.7307081168351637,
                "support": 19000
            },
            "weighted avg": {
                "precision": 0.7316544556013059,
                "recall": 0.7317894736842105,
                "f1-score": 0.7317032525401005,
                "support": 19000
            },
            "roc_auc": 0.812348512532659,
            "score": 0.7317894736842105
        }
    }
}
