{
    "dataset": "california_housing",
    "algorithm": "ftrow2_tokenfi_iter_250",
    "config": {
        "source": "output\\california_housing\\ft_transformer\\tuned_reproduced_ours",
        "seeds": [
            0,
            1,
            2,
            3,
            4,
            5,
            6,
            7,
            8,
            9,
            10,
            11,
            12,
            13,
            14
        ],
        "count": 15
    },
    "metrics": {
        "train": {
            "rmse": 0.3617536853004641,
            "score": -0.3617536853004641
        },
        "val": {
            "rmse": 0.4553431126800044,
            "score": -0.4553431126800044
        },
        "test": {
            "rmse": 0.4447639603659018,
            "score": -0.4447639603659018
        }
    }
}
