{
    "dataset": "yahoo",
    "algorithm": "ftrow2_tokenfi_iter_125f2",
    "config": {
        "source": "output/yahoo/ft_transformer/tuned_reproduced_ours3",
        "seeds": [
            5,
            6,
            7,
            8,
            9
        ],
        "count": 5
    },
    "metrics": {
        "train": {
            "rmse": 0.746407916887013,
            "score": -0.746407916887013
        },
        "val": {
            "rmse": 0.7880416722179275,
            "score": -0.7880416722179275
        },
        "test": {
            "rmse": 0.7824361662208548,
            "score": -0.7824361662208548
        }
    }
}
