{
    "dataset": "epsilon",
    "algorithm": "ftrow2_tokenfi_iter",
    "config": {
        "source": "output/epsilon/ft_transformer/tuned_reproduced_ours",
        "seeds": [
            5,
            6,
            7,
            8,
            9
        ],
        "count": 5
    },
    "metrics": {
        "train": {
            "0": {
                "precision": 0.9023662266531278,
                "recall": 0.9114529914529914,
                "f1-score": 0.9068868478832297,
                "support": 32175
            },
            "1": {
                "precision": 0.9095584267166121,
                "recall": 0.9002985074626866,
                "f1-score": 0.9049047784480309,
                "support": 31825
            },
            "accuracy": 0.90590625,
            "macro avg": {
                "precision": 0.90596232668487,
                "recall": 0.905875749457839,
                "f1-score": 0.9058958131656303,
                "support": 64000
            },
            "weighted avg": {
                "precision": 0.9059426605128214,
                "recall": 0.90590625,
                "f1-score": 0.9059012328867422,
                "support": 64000
            },
            "roc_auc": 0.9676889697018526,
            "score": 0.90590625
        },
        "val": {
            "0": {
                "precision": 0.8985292300086516,
                "recall": 0.8995298193516457,
                "f1-score": 0.8990292462746553,
                "support": 8082
            },
            "1": {
                "precision": 0.8973321532431408,
                "recall": 0.8963122000505178,
                "f1-score": 0.8968218866493967,
                "support": 7918
            },
            "accuracy": 0.8979375,
            "macro avg": {
                "precision": 0.8979306916258962,
                "recall": 0.8979210097010817,
                "f1-score": 0.897925566462026,
                "support": 16000
            },
            "weighted avg": {
                "precision": 0.8979368266443194,
                "recall": 0.8979375,
                "f1-score": 0.8979368791801055,
                "support": 16000
            },
            "roc_auc": 0.9616938973400893,
            "score": 0.8979375
        },
        "test": {
            "0": {
                "precision": 0.8952352170847184,
                "recall": 0.8957766354198166,
                "f1-score": 0.8955058444175735,
                "support": 9921
            },
            "1": {
                "precision": 0.897349349746848,
                "recall": 0.8968151602341502,
                "f1-score": 0.897082175466455,
                "support": 10079
            },
            "accuracy": 0.8963,
            "macro avg": {
                "precision": 0.8962922834157832,
                "recall": 0.8962958978269834,
                "f1-score": 0.8962940099420142,
                "support": 20000
            },
            "weighted avg": {
                "precision": 0.8963006342397987,
                "recall": 0.8963,
                "f1-score": 0.8963002364496573,
                "support": 20000
            },
            "roc_auc": 0.9613717792127406,
            "score": 0.8963
        }
    }
}
