{
    "dataset": "microsoft",
    "algorithm": "ftrow2_tokenfi_iter_1000",
    "config": {
        "source": "output/microsoft/ft_transformer/tuned_reproduced_ours",
        "seeds": [
            5,
            6,
            7,
            8,
            9
        ],
        "count": 5
    },
    "metrics": {
        "train": {
            "rmse": 0.7143144921077901,
            "score": -0.7143144921077901
        },
        "val": {
            "rmse": 0.7198520274518099,
            "score": -0.7198520274518099
        },
        "test": {
            "rmse": 0.740361615706478,
            "score": -0.740361615706478
        }
    }
}
