{
    "dataset": "adult",
    "algorithm": "ftrow2_tokenfi_iter_cat",
    "config": {
        "source": "output/adult/ft_transformer/tuned_reproduced_ours",
        "seeds": [
            5,
            6,
            7,
            8,
            9
        ],
        "count": 5
    },
    "metrics": {
        "train": {
            "0": {
                "precision": 0.89947888764428,
                "recall": 0.9354707997771362,
                "f1-score": 0.9171218591717152,
                "support": 19743
            },
            "1": {
                "precision": 0.7669654289372599,
                "recall": 0.6701294550103883,
                "f1-score": 0.7152848857045376,
                "support": 6257
            },
            "accuracy": 0.8716153846153846,
            "macro avg": {
                "precision": 0.83322215829077,
                "recall": 0.8028001273937623,
                "f1-score": 0.8162033724381264,
                "support": 26000
            },
            "weighted avg": {
                "precision": 0.8675890141392867,
                "recall": 0.8716153846153846,
                "f1-score": 0.8685490152107871,
                "support": 26000
            },
            "roc_auc": 0.9312206280948319,
            "score": 0.8716153846153846
        },
        "val": {
            "0": {
                "precision": 0.8907008347893612,
                "recall": 0.9308176100628931,
                "f1-score": 0.9103174603174603,
                "support": 4929
            },
            "1": {
                "precision": 0.7472201630837657,
                "recall": 0.6416295353278166,
                "f1-score": 0.6904109589041095,
                "support": 1571
            },
            "accuracy": 0.8609230769230769,
            "macro avg": {
                "precision": 0.8189604989365635,
                "recall": 0.7862235726953548,
                "f1-score": 0.8003642096107849,
                "support": 6500
            },
            "weighted avg": {
                "precision": 0.8560226601355935,
                "recall": 0.8609230769230769,
                "f1-score": 0.8571677505143258,
                "support": 6500
            },
            "roc_auc": 0.912523330981671,
            "score": 0.8609230769230769
        },
        "test": {
            "0": {
                "precision": 0.8916522830691982,
                "recall": 0.9296523517382413,
                "f1-score": 0.9102558968403348,
                "support": 12225
            },
            "1": {
                "precision": 0.7357098955132145,
                "recall": 0.6341721854304636,
                "f1-score": 0.6811779769526249,
                "support": 3775
            },
            "accuracy": 0.8599375,
            "macro avg": {
                "precision": 0.8136810892912063,
                "recall": 0.7819122685843525,
                "f1-score": 0.7957169368964798,
                "support": 16000
            },
            "weighted avg": {
                "precision": 0.8548596260052083,
                "recall": 0.8599375,
                "f1-score": 0.8562078251168284,
                "support": 16000
            },
            "roc_auc": 0.914357583390891,
            "score": 0.8599375
        }
    }
}
