{
    "dataset": "yahoo",
    "algorithm": "ftrow2_tokenfi_iter_125f2",
    "config": {
        "source": "output/yahoo/ft_transformer/tuned_reproduced_ours3",
        "seeds": [
            0,
            1,
            2,
            3,
            4
        ],
        "count": 5
    },
    "metrics": {
        "train": {
            "rmse": 0.7538253568491606,
            "score": -0.7538253568491606
        },
        "val": {
            "rmse": 0.789645932155165,
            "score": -0.789645932155165
        },
        "test": {
            "rmse": 0.7825702983890097,
            "score": -0.7825702983890097
        }
    }
}
