{
    "dataset": "california_housing",
    "algorithm": "ftrow2_tokenfi_iter_250",
    "config": {
        "source": "output\\california_housing\\ft_transformer\\tuned_reproduced_ours",
        "seeds": [
            5,
            6,
            7,
            8,
            9
        ],
        "count": 5
    },
    "metrics": {
        "train": {
            "rmse": 0.3694086441707597,
            "score": -0.3694086441707597
        },
        "val": {
            "rmse": 0.4587908551770144,
            "score": -0.4587908551770144
        },
        "test": {
            "rmse": 0.44684618221911143,
            "score": -0.44684618221911143
        }
    }
}
