{
    "dataset": "jannis",
    "algorithm": "ftrow2_tokenfi_iter_500f2",
    "config": {
        "source": "output/jannis/ft_transformer/tuned_reproduced_ours_f",
        "seeds": [
            5,
            6,
            7,
            8,
            9
        ],
        "count": 5
    },
    "metrics": {
        "train": {
            "0": {
                "precision": 0.7417218543046358,
                "recall": 0.30434782608695654,
                "f1-score": 0.4315992292870906,
                "support": 1104
            },
            "1": {
                "precision": 0.7151216209681319,
                "recall": 0.7841348958057162,
                "f1-score": 0.7480398603874753,
                "support": 18859
            },
            "2": {
                "precision": 0.7938630999213218,
                "recall": 0.7290462427745664,
                "f1-score": 0.760075329566855,
                "support": 9688
            },
            "3": {
                "precision": 0.8637619638780986,
                "recall": 0.8508816915854669,
                "f1-score": 0.8572734499205088,
                "support": 25349
            },
            "accuracy": 0.7955636363636364,
            "macro avg": {
                "precision": 0.778617134768047,
                "recall": 0.6671026640631765,
                "f1-score": 0.6992469672904824,
                "support": 55000
            },
            "weighted avg": {
                "precision": 0.7980324965704365,
                "recall": 0.7955636363636364,
                "f1-score": 0.7941527954738002,
                "support": 55000
            },
            "score": 0.7955636363636364
        },
        "val": {
            "0": {
                "precision": 0.4625,
                "recall": 0.14122137404580154,
                "f1-score": 0.21637426900584794,
                "support": 262
            },
            "1": {
                "precision": 0.6465936739659367,
                "recall": 0.7088241831518115,
                "f1-score": 0.6762803520305375,
                "support": 4499
            },
            "2": {
                "precision": 0.7398452611218569,
                "recall": 0.6689986882378662,
                "f1-score": 0.7026406429391504,
                "support": 2287
            },
            "3": {
                "precision": 0.8246621621621621,
                "recall": 0.8202284946236559,
                "f1-score": 0.8224393530997305,
                "support": 5952
            },
            "accuracy": 0.7413846153846154,
            "macro avg": {
                "precision": 0.6684002743124889,
                "recall": 0.5848181850147838,
                "f1-score": 0.6044336542688166,
                "support": 13000
            },
            "weighted avg": {
                "precision": 0.7408165569652019,
                "recall": 0.7413846153846154,
                "f1-score": 0.7385671955627964,
                "support": 13000
            },
            "score": 0.7413846153846154
        },
        "test": {
            "0": {
                "precision": 0.4673913043478261,
                "recall": 0.14052287581699346,
                "f1-score": 0.21608040201005027,
                "support": 306
            },
            "1": {
                "precision": 0.6485165794066318,
                "recall": 0.7197365872554716,
                "f1-score": 0.6822730193702378,
                "support": 5163
            },
            "2": {
                "precision": 0.7321724709784412,
                "recall": 0.6654107008289375,
                "f1-score": 0.6971969996052113,
                "support": 2654
            },
            "3": {
                "precision": 0.8264853680165534,
                "recall": 0.8131452668314673,
                "f1-score": 0.819761049622517,
                "support": 6877
            },
            "accuracy": 0.7411333333333333,
            "macro avg": {
                "precision": 0.6686414306873631,
                "recall": 0.5847038576832174,
                "f1-score": 0.6038278676520041,
                "support": 15000
            },
            "weighted avg": {
                "precision": 0.7412158968288998,
                "recall": 0.7411333333333333,
                "f1-score": 0.7384369184819928,
                "support": 15000
            },
            "score": 0.7411333333333333
        }
    }
}
