{
    "dataset": "epsilon",
    "algorithm": "ftrow2_tokenfi_iter",
    "config": {
        "source": "output/epsilon/ft_transformer/tuned_reproduced_ours",
        "seeds": [
            10,
            11,
            12,
            13,
            14
        ],
        "count": 5
    },
    "metrics": {
        "train": {
            "0": {
                "precision": 0.9027281684936569,
                "recall": 0.9111732711732712,
                "f1-score": 0.9069310606177785,
                "support": 32175
            },
            "1": {
                "precision": 0.9093389163811699,
                "recall": 0.9007384131971721,
                "f1-score": 0.9050182323320021,
                "support": 31825
            },
            "accuracy": 0.905984375,
            "macro avg": {
                "precision": 0.9060335424374134,
                "recall": 0.9059558421852216,
                "f1-score": 0.9059746464748903,
                "support": 64000
            },
            "weighted avg": {
                "precision": 0.9060154661736586,
                "recall": 0.905984375,
                "f1-score": 0.9059798768647342,
                "support": 64000
            },
            "roc_auc": 0.9681672081257312,
            "score": 0.905984375
        },
        "val": {
            "0": {
                "precision": 0.9004211047807779,
                "recall": 0.8995298193516457,
                "f1-score": 0.8999752413963854,
                "support": 8082
            },
            "1": {
                "precision": 0.8975523593237447,
                "recall": 0.8984592068704218,
                "f1-score": 0.8980055541529917,
                "support": 7918
            },
            "accuracy": 0.899,
            "macro avg": {
                "precision": 0.8989867320522613,
                "recall": 0.8989945131110337,
                "f1-score": 0.8989903977746885,
                "support": 16000
            },
            "weighted avg": {
                "precision": 0.8990014343727285,
                "recall": 0.899,
                "f1-score": 0.8990004924218109,
                "support": 16000
            },
            "roc_auc": 0.9620900483357034,
            "score": 0.899
        },
        "test": {
            "0": {
                "precision": 0.8962701612903226,
                "recall": 0.8961798205826026,
                "f1-score": 0.8962249886598458,
                "support": 9921
            },
            "1": {
                "precision": 0.8978174603174603,
                "recall": 0.8979065383470582,
                "f1-score": 0.8978619971228732,
                "support": 10079
            },
            "accuracy": 0.89705,
            "macro avg": {
                "precision": 0.8970438108038914,
                "recall": 0.8970431794648304,
                "f1-score": 0.8970434928913595,
                "support": 20000
            },
            "weighted avg": {
                "precision": 0.8970499226350487,
                "recall": 0.89705,
                "f1-score": 0.8970499590747885,
                "support": 20000
            },
            "roc_auc": 0.9618538893012314,
            "score": 0.89705
        }
    }
}
