{
    "dataset": "year",
    "algorithm": "ftrow2_tokenfi_iter_1000",
    "config": {
        "source": "output/year/ft_transformer/tuned_reproduced_ours",
        "seeds": [
            5,
            6,
            7,
            8,
            9
        ],
        "count": 5
    },
    "metrics": {
        "train": {
            "rmse": 8.695570544842484,
            "score": -8.695570544842484
        },
        "val": {
            "rmse": 8.749628570055759,
            "score": -8.749628570055759
        },
        "test": {
            "rmse": 9.00487894170503,
            "score": -9.00487894170503
        }
    }
}
